id,date,customer,branch
4612,21/07/26 14:54,שילב שיווק ישיר לבית היולדת בעמ,שילב אשקלון סילבר
4611,21/07/26 13:32,שילב שיווק ישיר לבית היולדת בעמ,שילב ביג אשדוד
4610,21/07/26 12:58,שילב שיווק ישיר לבית היולדת בעמ,שילב אשדוד אסותא
4609,21/07/26 11:47,שילב שיווק ישיר לבית היולדת בעמ,שילב אשדוד סטאר
4608,21/07/26 09:01,מכבי שירותי בריאות,פתח תקווה שפיגל מכבי פארם הזמנה-107141762
4607,21/07/26 08:56,א.ג שקדיה ב״מ,שקדיה הוד השרון
4606,21/07/26 08:54,מכבי שירותי בריאות,מכבי פארם סי מול אשדוד הזמנה-107150309
4605,21/07/26 08:50,מכבי שירותי בריאות,מכבי פארם הוד השרון הבנים הזמנה-107149748
4604,20/07/26 16:40,שילב שיווק ישיר לבית היולדת בעמ,בית שילב איילון
4603,20/07/26 15:57,שילב שיווק ישיר לבית היולדת בעמ,שילב הרצליה
4602,20/07/26 15:03,שילב שיווק ישיר לבית היולדת בעמ,שילב פולג נתניה
4601,20/07/26 12:46,שילב שיווק ישיר לבית היולדת בעמ,שילב חדרה
4600,20/07/26 11:35,מכבי שירותי בריאות,מכבי ראש העין פסגות אפק הזמנה-107149101
4599,20/07/26 11:04,שילב שיווק ישיר לבית היולדת בעמ,שילב ראש העין
4598,20/07/26 09:19,מכבי שירותי בריאות,מכבי פארם נתניה מרכז הזמנה -107148130
4597,20/07/26 09:17,מכבי שירותי בריאות,ראש העין הציונות מכבי פארם הזמנה -107144795
4596,19/07/26 17:57,שילב שיווק ישיר לבית היולדת בעמ,שילב קרית אונו
4595,19/07/26 17:10,שילב שיווק ישיר לבית היולדת בעמ,שילב תל השומר
4594,19/07/26 15:22,שילב שיווק ישיר לבית היולדת בעמ,שילב גבעתיים
4593,19/07/26 12:02,מכבי שירותי בריאות,מכבי פארם קרית אונו הזמנה- 107136525
4592,19/07/26 07:34,מכבי שירותי בריאות,מכבי פארם יקנעם הזמנה -107140030
4591,19/07/26 07:32,מכבי שירותי בריאות,כפר סבא הירוקה - מכבי פארם - כפר סבא הירוקה הזמנה -107143832
4590,16/07/26 15:08,שילב שיווק ישיר לבית היולדת בעמ,שילב רמת אביב
4589,16/07/26 14:05,שילב שיווק ישיר לבית היולדת בעמ,שילב נמל תל אביב
4588,16/07/26 13:19,מכבי שירותי בריאות,מכבי פארם רמת אביב ג הזמנה-107138614
4587,16/07/26 12:30,מכבי שירותי בריאות,מכבי פארם רעננה אחוזה 124 הזמנה- 107141830
4586,16/07/26 11:21,הכל דבש,הכל דבש
4585,16/07/26 10:30,שילב שיווק ישיר לבית היולדת בעמ,שילב כפר סבא
4584,16/07/26 10:25,בל בוקס בע״מ,מחסן בית או שמונה
4583,16/07/26 09:31,מכבי שירותי בריאות,מכבי פארם טירה הזמנה -107135765
4582,15/07/26 17:28,שילב שיווק ישיר לבית היולדת בעמ,קרית גת שילב
4581,15/07/26 16:15,שילב שיווק ישיר לבית היולדת בעמ,שילב נתיבות
4580,15/07/26 14:55,שילב שיווק ישיר לבית היולדת בעמ,שילב גרנד באר שבע
4579,15/07/26 14:10,שילב שיווק ישיר לבית היולדת בעמ,בית חולים סורוקה שילב
4578,15/07/26 11:26,שילב שיווק ישיר לבית היולדת בעמ,שילב ביג באר שבע
4577,13/07/26 20:22,שילב שיווק ישיר לבית היולדת בעמ,שילב אילת
4575,13/07/26 07:23,"ביו גאיה בע""מ","ביו גאיה בע""מ"
4574,09/07/26 17:01,שילב שיווק ישיר לבית היולדת בעמ,שילב חולון
4573,08/07/26 17:32,מכבי שירותי בריאות,מכבי פארם יקנעם הזמנה -107124499
4572,08/07/26 17:30,מכבי שירותי בריאות,מכבי פארם רחובות הזמנה-107117114
4571,08/07/26 17:28,מכבי שירותי בריאות,ראשון לציון מזרח - מכבי שירותי בריאות - ראשון לציון מזרח (הזמנה- 107111991 )
4570,08/07/26 17:26,מכבי שירותי בריאות,מכבי פארם פסגת אונו הזמנה -107119119
4569,08/07/26 17:25,מכבי שירותי בריאות,מכבי פארם קרית אונו הזמנה -107109271
4568,08/07/26 17:07,בית בריא,בית בריא
4567,08/07/26 17:08,"ביו גאיה בע""מ","ביו גאיה בע""מ"
4566,08/07/26 16:57,אתר או אייט ישראל,פרסום ושיווק מוצרים
4565,08/07/26 16:54,אתר או אייט ישראל,30/06/2026 חודש יוני
4564,07/07/26 16:05,שילב שיווק ישיר לבית היולדת בעמ,שילב גן שמואל
4563,07/07/26 10:54,מכבי שירותי בריאות,מכבי פארם חדרה הזמנה-107119593
4562,06/07/26 16:13,שילב שיווק ישיר לבית היולדת בעמ,שילב עפולה
4561,06/07/26 14:08,שילב שיווק ישיר לבית היולדת בעמ,שילב רמת ישי
4560,06/07/26 07:55,"סופרסאפ בע""מ","סופרסאפ בע""מ הזמנת רכש 1152"
4559,06/07/26 07:52,"סופרסאפ בע""מ","סופרסאפ בע""מ הזמנת רכש 1152"
4558,06/07/26 07:49,מכבי שירותי בריאות,מכבי רמת השרון הזמנה-107116969
4557,06/07/26 07:48,מכבי שירותי בריאות,מכבי פארם עפולה קהילת ציון הזמנה-107097629
4556,06/07/26 07:47,מכבי שירותי בריאות,מכבי קריית טבעון הזמנה-107111629
4555,06/07/26 07:35,שילב שיווק ישיר לבית היולדת בעמ,שילב רגבה
4554,05/07/26 17:43,שילב שיווק ישיר לבית היולדת בעמ,שילב גן העיר
4553,05/07/26 15:26,שילב שיווק ישיר לבית היולדת בעמ,שילב גלילות
4552,05/07/26 12:15,שילב שיווק ישיר לבית היולדת בעמ,שילב רננים
4551,02/07/26 17:36,שילב שיווק ישיר לבית היולדת בעמ,שילב פתח תקווה גלובל
4550,02/07/26 17:27,מכבי שירותי בריאות,פתח תקווה שפיגל פתח תקווה הזמנה-106919634 - השלמת הזמנה של מוצר חסר
4549,02/07/26 13:49,"סופרסאפ בע""מ","סופרסאפ בע""מ הזמנת רכש 1168"
4548,02/07/26 12:06,שילב שיווק ישיר לבית היולדת בעמ,שילב כפר סבא ערים
4547,02/07/26 11:16,שילב שיווק ישיר לבית היולדת בעמ,שילב בית חולים מאיר
4546,02/07/26 09:29,אביב של טבע,אביב של טבע
4545,01/07/26 17:42,מכבי שירותי בריאות,מכבי גבעתיים-107111203
4544,01/07/26 16:25,שילב שיווק ישיר לבית היולדת בעמ,שילב שער ראשון
4543,01/07/26 12:34,שילב שיווק ישיר לבית היולדת בעמ,שילב רחובות
4542,01/07/26 11:02,מכבי שירותי בריאות,מכבי פארם יבנה גיבורי החיל הזמנה- 107110276
4541,30/06/26 16:03,שילב שיווק ישיר לבית היולדת בעמ,שילב הדסה עין כרם
4540,30/06/26 14:28,שילב שיווק ישיר לבית היולדת בעמ,שילב מלחה ירושלים
4539,30/06/26 11:41,שילב שיווק ישיר לבית היולדת בעמ,שילב מבשרת
4538,30/06/26 07:40,מכבי שירותי בריאות,ראש העין הציונות מכבי פארם הזמנה-107105117
4537,30/06/26 07:38,מכבי שירותי בריאות,מכבי פארם הוד השרון סוקולוב הזמנה -107105527
4536,29/06/26 14:35,שילב שיווק ישיר לבית היולדת בעמ,שילב בת ים
4535,29/06/26 08:57,שילב שיווק ישיר לבית היולדת בעמ,אתר סחר שילב
4534,28/06/26 14:28,שילב שיווק ישיר לבית היולדת בעמ,שילב בית חולים שערי צדק ירושלים
4533,28/06/26 08:09,מכבי שירותי בריאות,מכבי פארם חולון -הופיין הזמנה -107096230
4532,28/06/26 08:03,מכבי שירותי בריאות,מכבי פארם קריית מוצקין הזמנה -107099018
4531,25/06/26 17:56,שילב שיווק ישיר לבית היולדת בעמ,אור עקיבא שילב
4530,25/06/26 16:58,שילב שיווק ישיר לבית היולדת בעמ,שילב זכרון יעקב
4529,25/06/26 15:47,שילב שיווק ישיר לבית היולדת בעמ,שילב רמב״ם
4528,25/06/26 14:42,שילב שיווק ישיר לבית היולדת בעמ,שילב חוצות המפרץ
4527,25/06/26 13:34,שילב שיווק ישיר לבית היולדת בעמ,שילב שער הצפון- קרית אתא
4526,25/06/26 11:56,שילב שיווק ישיר לבית היולדת בעמ,שילב קריון
4525,25/06/26 08:32,מכבי שירותי בריאות,מכבי פארם הוד השרון הבנים הזמנה-107096539
4524,24/06/26 16:48,שילב שיווק ישיר לבית היולדת בעמ,שילב הרצליה
4523,24/06/26 12:58,שילב שיווק ישיר לבית היולדת בעמ,שילב עיר ימים
4522,24/06/26 12:23,שילב שיווק ישיר לבית היולדת בעמ,שילב פולג נתניה
4521,24/06/26 12:17,שילב שיווק ישיר לבית היולדת בעמ,שילב עיר ימים
4520,24/06/26 08:53,מכבי שירותי בריאות,מכבי פארם נתניה מרכז הזמנה-107086484
4519,24/06/26 08:36,מכבי שירותי בריאות,מכבי רמת השרון הזמנה-107094253
4518,24/06/26 08:34,מכבי שירותי בריאות,מכבי פארם הוד השרון הבנים הזמנה-107092471
4517,23/06/26 18:09,שילב שיווק ישיר לבית היולדת בעמ,שילב דיזינגוף סנטר
4516,23/06/26 16:21,שילב שיווק ישיר לבית היולדת בעמ,שילב ראשון לציון קניון הזהב
4515,23/06/26 15:27,שילב שיווק ישיר לבית היולדת בעמ,שילב ראשון לציון
4514,23/06/26 11:19,שילב שיווק ישיר לבית היולדת בעמ,שילב קרית אונו
4513,22/06/26 16:32,שילב שיווק ישיר לבית היולדת בעמ,שילב גבעתיים
4512,22/06/26 15:13,שילב שיווק ישיר לבית היולדת בעמ,שילב עזריאלי תל אביב
4511,22/06/26 13:34,שילב שיווק ישיר לבית היולדת בעמ,שילב איכילוב
4510,22/06/26 08:57,שילב שיווק ישיר לבית היולדת בעמ,שילב נמל תל אביב
4509,22/06/26 07:33,מכבי שירותי בריאות,מכבי פארם הוד השרון הבנים- הזמנה-107088174
4508,22/06/26 07:31,מכבי שירותי בריאות,כפר סבא הירוקה - מכבי פארם - כפר סבא הירוקה הזמנה-107088820
4507,22/06/26 07:23,מכבי שירותי בריאות,מכבי קריית טבעון הזמנה-107087739
4506,22/06/26 07:19,מכבי שירותי בריאות,מכבי פארם חיפה חורב הזמנה-107088553
4505,21/06/26 14:38,שילב שיווק ישיר לבית היולדת בעמ,שילב אשדוד סטאר
4504,21/06/26 13:56,שילב שיווק ישיר לבית היולדת בעמ,שילב אשדוד ביג
4503,21/06/26 12:55,שילב שיווק ישיר לבית היולדת בעמ,שילב אשקלון סילבר
4502,18/06/26 17:33,שילב שיווק ישיר לבית היולדת בעמ,שילב עזריאלי חיפה
4501,18/06/26 15:04,שילב שיווק ישיר לבית היולדת בעמ,שילב גרנד חיפה
4500,18/06/26 13:58,מכבי שירותי בריאות,מכבי פארם נווה שאנן חיפה הזמנה -107073609
4499,18/06/26 11:35,שילב שיווק ישיר לבית היולדת בעמ,שילב חדרה
4498,18/06/26 10:15,שילב שיווק ישיר לבית היולדת בעמ,שילב כפר סבא g
4497,17/06/26 16:49,שילב שיווק ישיר לבית היולדת בעמ,שילב אמת אביב
4496,17/06/26 14:54,שילב שיווק ישיר לבית היולדת בעמ,שילב יהוד
4495,17/06/26 13:18,טבע גדרה,טבע גדרה
4494,17/06/26 12:27,שילב שיווק ישיר לבית היולדת בעמ,שילב גדרה
4493,17/06/26 09:07,מכבי שירותי בריאות,מכבי פארם יפו יפת הזמנה -107068340
4492,17/06/26 08:47,מכבי שירותי בריאות,מכבי פארם יהוד הזמנה-107076082
4491,17/06/26 08:43,מכבי שירותי בריאות,מכבי פארם יד אליהו תל אביב הזמנה-107069475
4490,17/06/26 08:39,מכבי שירותי בריאות,מכבי פארם רמת בית שמש הזמנה -107078069
4489,16/06/26 15:27,שילב שיווק ישיר לבית היולדת בעמ,שילב גרנד באר שבע
4488,16/06/26 12:53,מוצרים פגומים,תחליב/סבון/שמן
4487,16/06/26 12:09,שילב שיווק ישיר לבית היולדת בעמ,שילב ביג באר שבע
4486,15/06/26 17:33,שילב שיווק ישיר לבית היולדת בעמ,שילב בית שאן
4485,15/06/26 15:39,שילב שיווק ישיר לבית היולדת בעמ,שילב טבריה
4484,15/06/26 14:27,שילב שיווק ישיר לבית היולדת בעמ,שילב ראש פינה
4483,15/06/26 08:05,שילב שיווק ישיר לבית היולדת בעמ,שילב אילת
4482,14/06/26 14:06,שילב שיווק ישיר לבית היולדת בעמ,בית שילב איילון
4481,14/06/26 12:58,מכבי שירותי בריאות,מכבי הרצליה הזמנה-107075878
4480,14/06/26 11:49,שילב שיווק ישיר לבית היולדת בעמ,שילב גלילות
4479,14/06/26 11:00,מכבי שירותי בריאות,מכבי פארם נס ציונה הזמנה-107068074
4478,14/06/26 10:59,מכבי שירותי בריאות,מכבי פארם חולון נאות שושנים הזמנה-107071475
4477,12/06/26 19:10,אתר או אייט ישראל,שיווק ופרסום מוצרים
4476,12/06/26 16:36,לקוחות פרטיים,בייבילנד 2026 יוני
4475,11/06/26 17:08,שילב שיווק ישיר לבית היולדת בעמ,שילב שרונים
4474,11/06/26 15:18,שילב שיווק ישיר לבית היולדת בעמ,שילב רמלה
4473,11/06/26 12:37,מכבי שירותי בריאות,מכבי פארם רמת בית שמש הזמנה- 107072288
4472,11/06/26 11:01,שילב שיווק ישיר לבית היולדת בעמ,שילב מודיעין
4471,10/06/26 17:29,מכבי שירותי בריאות,מכבי פארם עכו הזמנה-107070870
4470,10/06/26 14:40,שילב שיווק ישיר לבית היולדת בעמ,שילב מעלות תרשיחא שילב
4469,10/06/26 13:49,מוצרים פגומים,תפרחת/מוס
4468,10/06/26 13:01,שילב שיווק ישיר לבית היולדת בעמ,שילב כרמיאל
4467,10/06/26 11:33,שילב שיווק ישיר לבית היולדת בעמ,שילב ירכא
4466,10/06/26 08:55,שילב שיווק ישיר לבית היולדת בעמ,שילב נהריה
4465,09/06/26 17:33,אתר או אייט ישראל,31/05/2026 אתר חוש מאי
4464,09/06/26 14:16,שילב שיווק ישיר לבית היולדת בעמ,שילב חולון
4463,09/06/26 13:04,שילב שיווק ישיר לבית היולדת בעמ,שילב גן העיר
4462,09/06/26 09:27,מכבי שירותי בריאות,מכבי פארם תל אביב השל״ה הזמנה -107066027
4461,09/06/26 08:48,שילב שיווק ישיר לבית היולדת בעמ,קרית שמונה שילב
4460,08/06/26 16:04,"אי.אפ.גי פארם בע""מ","אי.אפ.גי פארם בע""מ"
4459,08/06/26 14:04,שילב שיווק ישיר לבית היולדת בעמ,שילב ראשונים
4458,08/06/26 13:28,שילב שיווק ישיר לבית היולדת בעמ,שילב נס ציונה
4457,08/06/26 12:03,שילב שיווק ישיר לבית היולדת בעמ,שילב רחובות
4456,08/06/26 10:22,שילב שיווק ישיר לבית היולדת בעמ,שילב רננים
4455,07/06/26 15:54,טבע גבעתיים,טבע גבעתיים
4454,07/06/26 14:50,שילב שיווק ישיר לבית היולדת בעמ,פתח תקווה שפיגל
4453,07/06/26 13:30,שילב שיווק ישיר לבית היולדת בעמ,בית חולים בלינסון שילב
4452,07/06/26 12:46,שילב שיווק ישיר לבית היולדת בעמ,שילב פתח תקווה אבנת
4451,07/06/26 11:44,מכבי שירותי בריאות,מכבי ראש העין פסגות אפק הזמנה- 107062231
4450,07/06/26 11:15,שילב שיווק ישיר לבית היולדת בעמ,שילב ראש העין
4449,07/06/26 08:19,מכבי שירותי בריאות,פתח תקווה שפיגל מכבי פארם הזמנה-107057865
4448,07/06/26 08:18,מכבי שירותי בריאות,ראש העין הציונות מכבי פארם הזמנה-107057573
4447,01/06/26 21:07,"סופרסאפ בע""מ","סופרסאפ בע""מ הזמנת רכש 1123"
4446,01/06/26 12:20,שילב שיווק ישיר לבית היולדת בעמ,שילב גבעתיים
4445,01/06/26 11:15,שילב שיווק ישיר לבית היולדת בעמ,שילב הרצליה
4444,01/06/26 09:08,מכבי שירותי בריאות,מכבי פארם רמת השרון הזמנה- 107048138
4443,31/05/26 17:36,שילב שיווק ישיר לבית היולדת בעמ,שילב נמל תל אביב
4442,31/05/26 16:44,שילב שיווק ישיר לבית היולדת בעמ,שילב עיר ימים
4441,31/05/26 14:26,שילב שיווק ישיר לבית היולדת בעמ,שילב גן שמואל
4440,31/05/26 11:13,שילב שיווק ישיר לבית היולדת בעמ,שילב זכרון יעקב
4439,31/05/26 10:04,א.ג שקדיה ב״מ,שקדייה הוד השרון
4438,31/05/26 07:30,מכבי שירותי בריאות,מכבי פארם הוד השרון הבנים הזמנה-107044773
4437,28/05/26 16:34,שילב שיווק ישיר לבית היולדת בעמ,פתח תקווה שילב גלובל
4436,28/05/26 15:28,שילב שיווק ישיר לבית היולדת בעמ,שילב קרית אונו
4435,28/05/26 14:28,מכבי שירותי בריאות,מכבי פארם אור יהודה הזמנה 107045105 -
4434,28/05/26 13:44,מוצרים פגומים,מוס / תחליב
4433,28/05/26 12:06,שילב שיווק ישיר לבית היולדת בעמ,שילב אסף הרופא
4432,27/05/26 10:26,שילב שיווק ישיר לבית היולדת בעמ,שילב גלילות
4431,27/05/26 08:28,מכבי שירותי בריאות,מכבי פארם באר יעקב הזמנה-107039588
4430,27/05/26 07:28,שילב שיווק ישיר לבית היולדת בעמ,שילב רגבה
4429,26/05/26 16:55,שילב שיווק ישיר לבית היולדת בעמ,שילב אשדוד ביג
4428,26/05/26 14:38,שילב שיווק ישיר לבית היולדת בעמ,שילב שדרות
4427,26/05/26 08:46,שילב שיווק ישיר לבית היולדת בעמ,שילב דימונה
4426,25/05/26 17:15,שילב שיווק ישיר לבית היולדת בעמ,שילב גרנד חיפה
4425,25/05/26 16:08,שילב שיווק ישיר לבית היולדת בעמ,שילב חוצות המפרץ
4424,25/05/26 15:04,שילב שיווק ישיר לבית היולדת בעמ,שילב שער הצפון- קרית אתא
4423,25/05/26 14:32,שילב שיווק ישיר לבית היולדת בעמ,שילב קריון
4422,25/05/26 09:16,מכבי שירותי בריאות,מכבי פארם כפר סבא הזמנה-107030530
4421,25/05/26 09:11,שילב שיווק ישיר לבית היולדת בעמ,שילב עילוט
4420,24/05/26 16:42,שילב שיווק ישיר לבית היולדת בעמ,שילב קניון הזהב ראשון לציון
4419,24/05/26 16:13,שילב שיווק ישיר לבית היולדת בעמ,שילב ראשון לציון g
4418,24/05/26 15:39,מכבי שירותי בריאות,מכבי פארם ראשון לציון מעקב הזמנה - 107035105
4417,24/05/26 14:18,מכבי שירותי בריאות,מכבי פארם באר יעקב-107034749
4416,24/05/26 12:05,מכבי שירותי בריאות,מכבי פארם מודיעין הזמנה-107034062
4415,24/05/26 11:21,שילב שיווק ישיר לבית היולדת בעמ,שילב אתר סחר
4414,21/05/26 11:12,מכבי שירותי בריאות,מכבי פארם תל אביב השל״ה הזמנה-107031532
4413,20/05/26 16:23,שילב שיווק ישיר לבית היולדת בעמ,שילב דיזינגוף סנטר
4412,20/05/26 14:55,שילב שיווק ישיר לבית היולדת בעמ,שילב רמת אביב
4411,20/05/26 11:47,מכבי שירותי בריאות,מכבי פארם יהוד הזמנה-107029646
4410,20/05/26 09:39,שילב שיווק ישיר לבית היולדת בעמ,שילב כפר סבא g
4409,20/05/26 08:34,מכבי שירותי בריאות,מכבי פארם נהריה הזמנה- 107028540
4408,20/05/26 08:32,מכבי שירותי בריאות,מכבי פארם נס ציונה הזמנה-107028170
4407,19/05/26 16:48,שילב שיווק ישיר לבית היולדת בעמ,שילב גלילות
4406,19/05/26 13:50,שילב שיווק ישיר לבית היולדת בעמ,שילב אשדוד סטאר
4405,19/05/26 10:21,מכבי שירותי בריאות,מכבי פארם אשקלון ברנע הזמנה-107003660
4404,18/05/26 17:50,מכבי שירותי בריאות,מכבי פארם ירושלים- אגריפס הזמנה-107024970
4403,18/05/26 17:49,מכבי שירותי בריאות,מכבי פארם בלפור תל אביב הזמנה-107024793
4402,18/05/26 13:14,שילב שיווק ישיר לבית היולדת בעמ,שילב הדסה עין כרם
4401,18/05/26 11:26,שילב שיווק ישיר לבית היולדת בעמ,שילב מלחה ירושלים
4400,17/05/26 20:44,שילב שיווק ישיר לבית היולדת בעמ,שילב איכילוב ויצמן
4399,17/05/26 20:34,בל בוקס בע״מ,בל בוקס בע״מ
4398,17/05/26 19:13,מכבי שירותי בריאות,מכבי פארם תל אביב השלום הזמנה-107021843
4397,17/05/26 17:21,שילב שיווק ישיר לבית היולדת בעמ,שילב מבשרת
4396,17/05/26 16:10,מכבי שירותי בריאות,מכבי פארם גבעת מרדכי ירושלים הזמנה- 107022355
4395,17/05/26 15:14,שילב שיווק ישיר לבית היולדת בעמ,שילב בית חולים שערי צדק ירושלים
4394,17/05/26 07:20,מכבי שירותי בריאות,מכבי פארם גבעת מרדכי ירושלים הזמנה-107010600
4393,14/05/26 13:31,שילב שיווק ישיר לבית היולדת בעמ,שילב עפולה
4392,14/05/26 12:40,שילב שיווק ישיר לבית היולדת בעמ,שילב נצרת
4391,14/05/26 10:16,מכבי שירותי בריאות,מכבי קריית טבעון הזמנה-107011388
4390,14/05/26 07:41,"ביו גאיה בע""מ","ביו גאיה בע""מ"
4389,13/05/26 16:49,שילב שיווק ישיר לבית היולדת בעמ,שילב נתיבות
4388,13/05/26 15:24,שילב שיווק ישיר לבית היולדת בעמ,שילב גרנד ברר שבע
4387,13/05/26 14:33,שילב שיווק ישיר לבית היולדת בעמ,שילב בית חולים סורוקה
4386,13/05/26 14:20,שילב שיווק ישיר לבית היולדת בעמ,שילב בית חולים סורוקה
4385,13/05/26 12:28,מוצרים פגומים,מוס / תפרחת
4384,13/05/26 12:17,שילב שיווק ישיר לבית היולדת בעמ,ביג באר שבע שילב
4383,12/05/26 17:41,שילב שיווק ישיר לבית היולדת בעמ,שילב גבעתיים
4382,12/05/26 17:01,מכבי שירותי בריאות,מכבי פארם תל אביב השלום הזמנה-107013426
4381,12/05/26 14:20,מכבי שירותי בריאות,מכבי פארם יבנה גיבורי החיל הזמנה-107013050
4380,12/05/26 13:08,שילב שיווק ישיר לבית היולדת בעמ,שילב גדרה
4379,12/05/26 11:42,שילב שיווק ישיר לבית היולדת בעמ,שילב קרית גת
4378,12/05/26 10:09,שילב שיווק ישיר לבית היולדת בעמ,שילב שפיגל פתח תקווה
4377,11/05/26 21:49,"סופרסאפ בע""מ","סופרסאפ בע""מ הזמנת רכש-3423"
4376,11/05/26 16:11,שילב שיווק ישיר לבית היולדת בעמ,שילב יהוד
4375,11/05/26 09:44,מכבי שירותי בריאות,מכבי פארם רחובות הזמנה -107000470
4374,11/05/26 09:44,מכבי שירותי בריאות,מכבי פארם רחובות הזמנה-107000472
4373,11/05/26 09:42,מכבי שירותי בריאות,מכבי פארם הרצליה הזמנה- 107003609
4372,10/05/26 17:22,שילב שיווק ישיר לבית היולדת בעמ,שילב חולון
4371,10/05/26 15:49,שילב שיווק ישיר לבית היולדת בעמ,שילב בת ים
4370,10/05/26 13:57,שילב שיווק ישיר לבית היולדת בעמ,שילב שער ראשון
4369,10/05/26 13:08,מכבי שירותי בריאות,ראשון לציון מזרח - מכבי שירותי בריאות - ראשון לציון מזרח הזמנה-107007235
4368,10/05/26 12:01,שילב שיווק ישיר לבית היולדת בעמ,שילב ראשונים
4367,10/05/26 11:04,שילב שיווק ישיר לבית היולדת בעמ,שילב באר יעקב
4366,07/05/26 14:46,שילב שיווק ישיר לבית היולדת בעמ,שילב גן העיר
4365,07/05/26 13:02,טבע גבעתיים,טבע גבעתיים
4364,07/05/26 12:39,מוצרים פגומים,סבון החתלה קרם הגנה
4363,07/05/26 09:09,שילב שיווק ישיר לבית היולדת בעמ,בית שילב אילון
4362,06/05/26 17:19,שילב שיווק ישיר לבית היולדת בעמ,שילב כפר סבא קניון ערים
4361,06/05/26 16:39,שילב שיווק ישיר לבית היולדת בעמ,שילב כפר סבא g
4360,06/05/26 15:16,"סופרסאפ בע""מ",תעודת משלוח רכש 3416
4359,06/05/26 13:21,טבע עומריקה בע״מ - אחוזת הטבע,אחוזת הטבע
4358,06/05/26 12:00,שילב שיווק ישיר לבית היולדת בעמ,שילב רננים
4357,06/05/26 10:47,מכבי שירותי בריאות,כפר סבא הירוקה - מכבי פארם - כפר סבא הירוקה הזמנה-107000840
4356,06/05/26 10:39,מוצרים פגומים,תחליב גוף
4355,06/05/26 09:11,טבע גדרה,טבע גדרה
4354,05/05/26 17:43,"סופרסאפ בע""מ",תעודת משלוח רכש 3399 + 3403
4353,05/05/26 17:01,שילב שיווק ישיר לבית היולדת בעמ,שילב גלילות
4352,05/05/26 16:06,שילב שיווק ישיר לבית היולדת בעמ,שילב הרצליה
4351,05/05/26 14:27,שילב שיווק ישיר לבית היולדת בעמ,שילב עיר ימים
4350,05/05/26 13:32,שילב שיווק ישיר לבית היולדת בעמ,שילב פולג נתניה
4349,04/05/26 21:11,לקוחות פרטיים,פרסום ושיווק מוצרים בחנויות
4348,04/05/26 21:05,אתר או אייט ישראל,פרסום ושיווק מוצרים במבצע באתר
4347,04/05/26 20:43,אתר או אייט ישראל,30/04/2026
4346,04/05/26 20:33,אתר או אייט ישראל,קרטון משלוחים
4345,04/05/26 15:42,שילב שיווק ישיר לבית היולדת בעמ,שילב קרית אונו
4344,04/05/26 13:59,מוצרים פגומים,החתלה/ קרם החתלה פורטה / שמן
4343,04/05/26 13:19,שילב שיווק ישיר לבית היולדת בעמ,שילב בית שמש
4342,04/05/26 11:17,שילב שיווק ישיר לבית היולדת בעמ,שילב מודיעין
4341,04/05/26 08:33,מכבי שירותי בריאות,מכבי פארם יקנעם הזמנה-106990270
4340,04/05/26 08:31,מכבי שירותי בריאות,מכבי פארם קרית אונו הזמנה-106994655
4339,04/05/26 08:30,מכבי שירותי בריאות,מכבי פארם קרית אונו הזמנה-106977464
4338,03/05/26 17:51,שילב שיווק ישיר לבית היולדת בעמ,שילב חדרה
4337,03/05/26 16:13,שילב שיווק ישיר לבית היולדת בעמ,שילב גן שמואל
4336,03/05/26 12:16,שילב שיווק ישיר לבית היולדת בעמ,שילב רחובות
4335,03/05/26 11:55,שילב שיווק ישיר לבית היולדת בעמ,שילב אור עקיבא
4334,30/04/26 20:53,שילב שיווק ישיר לבית היולדת בעמ,שילב נמל ת״א
4333,30/04/26 11:22,שילב שיווק ישיר לבית היולדת בעמ,שילב רמת ישי
4332,30/04/26 10:40,שילב שיווק ישיר לבית היולדת בעמ,שילב נמל תא
4331,30/04/26 10:36,מכבי שירותי בריאות,מכבי תא בלפור מספר הזמנה : 106987978
4330,30/04/26 09:02,מכבי שירותי בריאות,מכבי פארם נהריה הזמנה-106987978
4329,30/04/26 09:00,מכבי שירותי בריאות,מכבי פארם יקנעם הזמנה-106985765
4328,29/04/26 12:57,שילב שיווק ישיר לבית היולדת בעמ,שילב שרונים הוד השרון
4327,29/04/26 12:15,שילב שיווק ישיר לבית היולדת בעמ,שילב ראש העין
4326,29/04/26 11:50,מכבי שירותי בריאות,מכבי ראש העין פסגות אפק הזמנה-106987398
4325,29/04/26 09:16,מכבי שירותי בריאות,מכבי ראש העין פסגות אפק הזמנה-106984802
4324,29/04/26 09:14,מכבי שירותי בריאות,מכבי פארם הרצליה הזמנה- 106984902
4323,29/04/26 09:13,מכבי שירותי בריאות,ראש העין הציונות מכבי פארם הזמנה- 106981884
4322,28/04/26 17:23,שילב שיווק ישיר לבית היולדת בעמ,שילב עזריאלי חיפה
4321,28/04/26 12:58,שילב שיווק ישיר לבית היולדת בעמ,שילב קריון
4320,28/04/26 12:51,שילב שיווק ישיר לבית היולדת בעמ,שילב קריון
4319,28/04/26 08:35,שילב שיווק ישיר לבית היולדת בעמ,שילב רגבה
4318,28/04/26 08:29,בית בריא,בית בריא
4317,28/04/26 07:46,מכבי שירותי בריאות,מכבי פארם יקנעם הזמנה-106961171
4316,27/04/26 16:42,שילב שיווק ישיר לבית היולדת בעמ,שילב אשקלון גלובוס
4315,27/04/26 16:29,"סופרסאפ בע""מ",תעודת משלוח רכש 3356
4314,27/04/26 16:21,"סופרסאפ בע""מ",תעודת משלוח רכש 3398
4313,27/04/26 16:05,שילב שיווק ישיר לבית היולדת בעמ,שילב אשקלון סילבר
4312,27/04/26 16:02,שילב שיווק ישיר לבית היולדת בעמ,שילב אשקלון סילבר
4311,27/04/26 13:56,שילב שיווק ישיר לבית היולדת בעמ,שילב ביג אשדוד
4310,27/04/26 13:36,שילב שיווק ישיר לבית היולדת בעמ,שילב דיזינגוף סנטר
4309,27/04/26 13:15,מכבי שירותי בריאות,מכבי פארם אשדוד רובע ד' הזמנה -106982348
4308,27/04/26 12:48,שילב שיווק ישיר לבית היולדת בעמ,שילב רמת אביב
4307,27/04/26 09:49,מכבי שירותי בריאות,מכבי פארם סי מול אשדוד הזמנה-106963608
4306,27/04/26 09:44,שילב שיווק ישיר לבית היולדת בעמ,שילב אתר סחר
4305,27/04/26 09:42,מכבי שירותי בריאות,מכבי פארם מודיעין הזמנה- 106952759
4304,26/04/26 15:32,מכבי שירותי בריאות,מכבי רמת השרון הזמנה-106974224
4303,26/04/26 11:58,שילב שיווק ישיר לבית היולדת בעמ,שילב ראשון לציון g
4302,26/04/26 10:38,שילב שיווק ישיר לבית היולדת בעמ,שילב אילת
4301,23/04/26 11:08,שילב שיווק ישיר לבית היולדת בעמ,שילב רמלה
4300,23/04/26 09:39,מכבי שירותי בריאות,מכבי פארם רמלה הזמנה -106965820
4299,23/04/26 09:37,מכבי שירותי בריאות,מכבי פארם פסגת אונו הזמנה-106943560
4298,23/04/26 09:36,מכבי שירותי בריאות,מכבי פארם קרית אונו הזמנה- 106965820
4297,20/04/26 16:17,שילב שיווק ישיר לבית היולדת בעמ,בית שילב
4296,20/04/26 13:23,שילב שיווק ישיר לבית היולדת בעמ,שילב בית חולים בלינסון
4295,20/04/26 12:37,שילב שיווק ישיר לבית היולדת בעמ,שילב אבנת פתח תקווה
4294,20/04/26 11:23,שילב שיווק ישיר לבית היולדת בעמ,שילב גלילות
4293,20/04/26 09:52,"ביו גאיה בע""מ",ביו גאיה בעמ
4292,19/04/26 18:25,מוצרים פגומים,שמן אמבט
4291,19/04/26 17:17,שילב שיווק ישיר לבית היולדת בעמ,שילב גלובל פתח תקווה
4290,19/04/26 15:03,שילב שיווק ישיר לבית היולדת בעמ,שילב הרצליה
4289,19/04/26 14:52,שילב שיווק ישיר לבית היולדת בעמ,שילב גבעתיים
4288,19/04/26 13:46,שילב שיווק ישיר לבית היולדת בעמ,שילב רננים
4287,19/04/26 13:37,שילב שיווק ישיר לבית היולדת בעמ,שילב ויצמן
4286,19/04/26 13:04,מוצרים פגומים,שמן עיסוי ומוס שילב נתניה
4285,19/04/26 12:59,שילב שיווק ישיר לבית היולדת בעמ,שילב רמת אביב
4284,19/04/26 11:59,שילב שיווק ישיר לבית היולדת בעמ,שילב ג׳י כפס
4283,19/04/26 11:40,שילב שיווק ישיר לבית היולדת בעמ,שילב עיר ימים
4282,19/04/26 10:57,שילב שיווק ישיר לבית היולדת בעמ,שילב פולג
4281,17/04/26 13:50,אתר או אייט ישראל,שמפו לא ירד בתעודה הקודמת
4280,17/04/26 13:47,אתר או אייט ישראל,קרטון משלוחים
4279,16/04/26 11:07,מכבי שירותי בריאות,ראש העין הציונות מכבי פארם הזמנה-106952125
4278,15/04/26 18:46,שילב שיווק ישיר לבית היולדת בעמ,שילב אשדוד סטאר
4277,15/04/26 17:59,מכבי שירותי בריאות,מכבי פארם אשדוד רובע ד' הזמנה-106561448
4276,15/04/26 16:49,שילב שיווק ישיר לבית היולדת בעמ,שילב בית חולים ברזילי
4275,15/04/26 16:03,שילב שיווק ישיר לבית היולדת בעמ,שילב קניון הזהב
4274,15/04/26 15:37,שילב שיווק ישיר לבית היולדת בעמ,שילב שדרות
4273,15/04/26 13:47,מכבי שירותי בריאות,מכבי פארם ראשל״צ מערב מספר הזמנה- 106958427
4272,15/04/26 13:11,שילב שיווק ישיר לבית היולדת בעמ,שילב גרנד באר שבע
4271,15/04/26 12:27,מכבי שירותי בריאות,מכבי פארם באר שבע מרכז הזמנה-106960275
4270,15/04/26 11:51,שילב שיווק ישיר לבית היולדת בעמ,שילב ביג באר שבע
4269,15/04/26 09:00,מכבי שירותי בריאות,מכבי פארם מ.פ. ק.יובל ירושלים הזמנה-106952040
4268,15/04/26 08:58,מכבי שירותי בריאות,מכבי פארם גבעת מרדכי ירושלים הזמנה -106949134
4267,15/04/26 08:57,מכבי שירותי בריאות,מכבי פארם באר שבע מרכז הזמנה-106937348
4266,15/04/26 08:54,מכבי שירותי בריאות,מכבי פארם אשדוד רובע ד' הזמנה-106955010
4265,14/04/26 17:20,שילב שיווק ישיר לבית היולדת בעמ,שילב ביג יהוד
4264,14/04/26 15:56,שילב שיווק ישיר לבית היולדת בעמ,שילב ראשונים ראשון לציון
4263,14/04/26 14:44,מכבי שירותי בריאות,מכבי פארם נס ציונה הזמנה-106957959
4262,14/04/26 14:07,שילב שיווק ישיר לבית היולדת בעמ,שילב נס ציונה
4261,14/04/26 13:14,שילב שיווק ישיר לבית היולדת בעמ,שילב רחובות
4260,14/04/26 08:29,אתר או אייט ישראל,מבצע חודש מרץ באתר
4259,14/04/26 08:23,אתר או אייט ישראל,31/03/2026 אתר או אייט
4258,13/04/26 16:10,מכבי שירותי בריאות,מכבי תא השלה 106955620 :מספר הזמנה
4257,13/04/26 15:09,שילב שיווק ישיר לבית היולדת בעמ,שילב קרית גת
4256,13/04/26 14:14,שילב שיווק ישיר לבית היולדת בעמ,שילב טייבה
4255,13/04/26 13:12,שילב שיווק ישיר לבית היולדת בעמ,שילב גדרה
4254,13/04/26 12:05,שילב שיווק ישיר לבית היולדת בעמ,שילב אתר סחר
4253,13/04/26 09:56,מכבי שירותי בריאות,מכבי פארם לוד הזמנה-106943190
4252,13/04/26 09:51,"ביו גאיה בע""מ","ביו גאיה בע""מ"
4251,12/04/26 18:16,מוצרים פגומים,שמן עיסוי ושמן אמבט
4250,12/04/26 17:39,שילב שיווק ישיר לבית היולדת בעמ,שילב גבעתיים
4249,12/04/26 17:10,בל בוקס בע״מ,מחסן בית או שמונה
4248,12/04/26 14:36,שילב שיווק ישיר לבית היולדת בעמ,שילב ראש העין
4247,06/04/26 17:56,שילב שיווק ישיר לבית היולדת בעמ,שילב קרית אונו
4246,06/04/26 16:59,שילב שיווק ישיר לבית היולדת בעמ,שילב תל השומר
4245,06/04/26 15:40,שילב שיווק ישיר לבית היולדת בעמ,שילב חולון
4244,05/04/26 15:24,מכבי שירותי בריאות,מכבי פארם בלפור תל אביב הזמנה-106938523
4243,05/04/26 13:01,שילב שיווק ישיר לבית היולדת בעמ,שילב גלילות
4242,01/04/26 11:08,אתר או אייט ישראל,פרסום ושיווק מוצרים חודש מרץ
4241,31/03/26 16:10,שילב שיווק ישיר לבית היולדת בעמ,שילב אסותא אשדוד
4240,31/03/26 15:14,שילב שיווק ישיר לבית היולדת בעמ,שילב ביג אשדוד
4239,31/03/26 13:26,מכבי שירותי בריאות,מכבי פארם בלפור ת״א מספר הזמנה 106937124
4238,31/03/26 13:14,שילב שיווק ישיר לבית היולדת בעמ,שילב אשקלון גלובוס
4237,31/03/26 12:30,שילב שיווק ישיר לבית היולדת בעמ,שילב מודיעין
4236,31/03/26 11:59,שילב שיווק ישיר לבית היולדת בעמ,שילב מודיעין
4235,31/03/26 11:59,שילב שיווק ישיר לבית היולדת בעמ,שילב מודיעין
4234,31/03/26 10:59,מכבי שירותי בריאות,מכבי פארם אשקלון ברנע הזמנה-106928401
4233,31/03/26 10:52,מכבי שירותי בריאות,מכבי פארם סי מול אשדוד הזמנה-106926366
4232,31/03/26 10:48,שילב שיווק ישיר לבית היולדת בעמ,שילב קריון
4231,30/03/26 17:26,שילב שיווק ישיר לבית היולדת בעמ,שילב שרונים
4230,30/03/26 13:58,שילב שיווק ישיר לבית היולדת בעמ,שילב זכרון יעקב
4229,30/03/26 11:25,מכבי שירותי בריאות,מכבי גבעתיים הזמנה : 106932141
4228,30/03/26 11:23,שילב שיווק ישיר לבית היולדת בעמ,בית שילב
4227,30/03/26 10:40,מכבי שירותי בריאות,מכבי פארם נתניה דרום הזמנה -106919383
4226,30/03/26 10:00,אתר או אייט ישראל,קרטון משלוחים
4225,30/03/26 09:52,מכבי שירותי בריאות,מכבי פארם קריית מוצקין- גושן הזמנה-106933163
4224,29/03/26 14:38,שילב שיווק ישיר לבית היולדת בעמ,שילב אסף הרופא
4223,29/03/26 13:54,שילב שיווק ישיר לבית היולדת בעמ,שילב באר יעקב
4222,29/03/26 12:17,שילב שיווק ישיר לבית היולדת בעמ,שילב גן העיר
4221,29/03/26 10:05,שילב שיווק ישיר לבית היולדת בעמ,שילב כפר סבא g
4220,29/03/26 08:09,מכבי שירותי בריאות,מכבי פארם רעננה אחוזה 124 הזמנה-106922635
4219,29/03/26 07:57,מכבי שירותי בריאות,מכבי פארם כרמיאל הזמנה-106929512
4218,26/03/26 18:18,שילב שיווק ישיר לבית היולדת בעמ,שילב עזריאלי חיפה
4217,26/03/26 17:13,שילב שיווק ישיר לבית היולדת בעמ,שילב גרנד חיפה
4216,26/03/26 15:44,שילב שיווק ישיר לבית היולדת בעמ,שילב חוצות חיפה
4215,26/03/26 14:28,שילב שיווק ישיר לבית היולדת בעמ,שילב שער הצפון קרית אתא
4214,26/03/26 13:02,שילב שיווק ישיר לבית היולדת בעמ,שילב חדרה
4213,26/03/26 10:20,מכבי שירותי בריאות,כפר סבא הירוקה - מכבי פארם - כפר סבא הירוקה הזמנה-106922510
4212,26/03/26 10:18,מכבי שירותי בריאות,מכבי פארם זכרון יעקב הזמנה-106921778
4211,26/03/26 10:17,מכבי שירותי בריאות,מכבי פארם חדרה הזמנה-106920585
4210,25/03/26 16:16,שילב שיווק ישיר לבית היולדת בעמ,שילב טבריה
4209,25/03/26 14:49,שילב שיווק ישיר לבית היולדת בעמ,שילב עפולה
4208,25/03/26 14:46,שילב שיווק ישיר לבית היולדת בעמ,שילב עפולה
4207,25/03/26 13:06,שילב שיווק ישיר לבית היולדת בעמ,שילב נצרת
4206,25/03/26 11:44,שילב שיווק ישיר לבית היולדת בעמ,שילב רמת ישי
4205,25/03/26 11:03,שילב שיווק ישיר לבית היולדת בעמ,שילב יוקנעם
4204,25/03/26 08:05,מכבי שירותי בריאות,נוף הגליל - מכבי פארם נצרת נוף הגליל הזמנה- 106914183
4203,25/03/26 08:04,מכבי שירותי בריאות,מכבי פארם הוד השרון הבנים -הזמנה-106924664
4202,24/03/26 16:05,שילב שיווק ישיר לבית היולדת בעמ,שילב שער ראשון
4201,24/03/26 15:33,מכבי שירותי בריאות,מכבי פארם נס ציונה הזמנה -106925087
4200,24/03/26 13:12,שילב שיווק ישיר לבית היולדת בעמ,שילב שבעת הכוכבים הרצליה
4199,24/03/26 10:37,שילב שיווק ישיר לבית היולדת בעמ,שילב שפיגל פתח תקווה
4198,24/03/26 09:36,מכבי שירותי בריאות,מכבי פארם נס ציונה הזמנה-106915887
4197,24/03/26 09:34,מכבי שירותי בריאות,מכבי פארם רחובות הזמנה-106915951
4196,24/03/26 09:32,מכבי שירותי בריאות,עקיבא - מכבי פארם בני ברק - עקיבא הזמנה -106920669
4195,24/03/26 09:18,שילב שיווק ישיר לבית היולדת בעמ,שילב אתר סחר
4194,24/03/26 07:47,אתר או אייט ישראל,קרטון משלוחים
4193,23/03/26 15:39,שילב שיווק ישיר לבית היולדת בעמ,שילב תלפיות
4192,23/03/26 14:14,שילב שיווק ישיר לבית היולדת בעמ,שילב בית חולים שערי צדק ירושלים
4191,23/03/26 11:57,שילב שיווק ישיר לבית היולדת בעמ,שילב מבשרת
4190,23/03/26 10:02,מכבי שירותי בריאות,מכבי פארם ירושלים רמות הזמנה-106919955
4189,22/03/26 17:08,מכבי שירותי בריאות,פתח תקווה שפיגל פתח תקווה הזמנה-106919634
4188,22/03/26 17:07,מכבי שירותי בריאות,פתח תקווה שפיגל מכבי פארם הזמנה-106912989
4187,22/03/26 16:42,שילב שיווק ישיר לבית היולדת בעמ,שילב פתח תקווה אבנת
4186,22/03/26 15:35,שילב שיווק ישיר לבית היולדת בעמ,שילב גלילות
4185,22/03/26 13:16,מכבי שירותי בריאות,מכבי פארם נתניה מרכז
4184,22/03/26 11:29,מכבי שירותי בריאות,מכבי ראש העין פסגות אפק הזמנה -106901618
4183,22/03/26 11:27,מכבי שירותי בריאות,מכבי פארם נתניה מרכז הזמנה-106912730
4182,22/03/26 11:26,מכבי שירותי בריאות,מכבי פארם הוד השרון סוקולוב הזמנה -106911259
4181,18/03/26 15:54,שילב שיווק ישיר לבית היולדת בעמ,שילב ראשון לציון מתחם g
4180,18/03/26 15:01,שילב שיווק ישיר לבית היולדת בעמ,שילב קניון הזהב ראשון-לציון
4179,18/03/26 14:55,שילב שיווק ישיר לבית היולדת בעמ,שילב קניון הזהב ראשון לציון
4178,18/03/26 13:04,מכבי שירותי בריאות,מכבי פארם יבנה גיבורי החיל הזמנה-106913825
4177,18/03/26 10:04,מכבי שירותי בריאות,מכבי פארם הוד השרון הבנים הזמנה -106911277
4176,18/03/26 09:37,מכבי שירותי בריאות,מכבי פארם סי מול אשדוד הזמנה- 106909917
4175,18/03/26 09:35,מכבי שירותי בריאות,מכבי פארם אשדוד רובע ד' הזמנה-106910906
4174,18/03/26 09:30,שילב שיווק ישיר לבית היולדת בעמ,שילב אילת
4173,17/03/26 16:49,שילב שיווק ישיר לבית היולדת בעמ,שילב אשקלון סילבר
4172,17/03/26 15:22,שילב שיווק ישיר לבית היולדת בעמ,שילב נתיבות
4171,17/03/26 13:54,שילב שיווק ישיר לבית היולדת בעמ,שילב גרנד באר שבע
4170,17/03/26 12:34,שילב שיווק ישיר לבית היולדת בעמ,שילב ביג באר שבע
4169,17/03/26 12:23,מוצרים פגומים,שמן אמבט ביג באר שבע
4168,17/03/26 12:22,שילב שיווק ישיר לבית היולדת בעמ,שילב ביג באר שבע
4167,16/03/26 16:31,א.ג שקדיה ב״מ,שקדיה הוד השרון
4166,16/03/26 15:03,א.ג שקדיה ב״מ,שקדייה גבעתיים
4165,16/03/26 13:04,שילב שיווק ישיר לבית היולדת בעמ,שילב רננים
4164,16/03/26 12:07,שילב שיווק ישיר לבית היולדת בעמ,שילב טייבה
4163,16/03/26 10:59,בל בוקס בע״מ,בל בוקס בע״מ
4162,16/03/26 10:53,מור סילבר,מור סילבר
4161,15/03/26 15:08,שילב שיווק ישיר לבית היולדת בעמ,שילב ראשונים ראשון לציון
4160,15/03/26 13:04,שילב שיווק ישיר לבית היולדת בעמ,שילב אום אל פחם
4159,15/03/26 11:04,מכבי שירותי בריאות,מכבי פארם ראשון לציון נחלת הזמנה-106891820
4158,15/03/26 10:51,מכבי שירותי בריאות,מכבי פארם אום אל פחם הזמנה- -106878225
4157,15/03/26 10:07,"ביו גאיה בע""מ","ביו גאיה בע""מ"
4156,15/03/26 10:00,מכבי שירותי בריאות,מכבי פארם נתיבות הזמנה-106899756
4155,15/03/26 09:57,מכבי שירותי בריאות,מכבי פארם ירושלים -ארנונה - הזמנה-106903679
4154,12/03/26 17:02,שילב שיווק ישיר לבית היולדת בעמ,שילב בת ים
4153,12/03/26 16:05,אביב של טבע,אביב של טבע
4152,12/03/26 16:00,שילב שיווק ישיר לבית היולדת בעמ,שילב רחובות
4151,12/03/26 14:51,שילב שיווק ישיר לבית היולדת בעמ,שילב גדרה
4150,12/03/26 13:05,מכבי שירותי בריאות,מכבי פארם מודיעין הזמנה - 106903235
4149,12/03/26 12:05,שילב שיווק ישיר לבית היולדת בעמ,שילב מודיעין
4148,12/03/26 10:27,טבע גדרה,טבע גדרה
4147,12/03/26 10:18,"סופרסאפ בע""מ",סופרסאפ בע״מ תעודת משלוח רכש 3337
4146,11/03/26 16:47,שילב שיווק ישיר לבית היולדת בעמ,שילב ראש העין
4145,11/03/26 14:08,שילב שיווק ישיר לבית היולדת בעמ,שילב הרצליה
4144,11/03/26 11:33,מכבי שירותי בריאות,מכבי הרצליה הזמנה-106898241
4143,11/03/26 11:29,שילב שיווק ישיר לבית היולדת בעמ,שילב עזריאלי תל אביב
4142,10/03/26 16:37,צירים בע״מ,מחסן בית או שמונה
4141,10/03/26 15:52,שילב שיווק ישיר לבית היולדת בעמ,שילב פולג
4140,10/03/26 15:02,שילב שיווק ישיר לבית היולדת בעמ,שילב עיר ימים
4139,10/03/26 11:54,שילב שיווק ישיר לבית היולדת בעמ,שילב נס ציונה
4138,10/03/26 10:09,שילב שיווק ישיר לבית היולדת בעמ,שילב כפר סבא g
4137,09/03/26 17:54,שילב שיווק ישיר לבית היולדת בעמ,שילב גבעתיים
4136,09/03/26 15:46,שילב שיווק ישיר לבית היולדת בעמ,שילב חולון
4135,09/03/26 15:28,שילב שיווק ישיר לבית היולדת בעמ,שילב דיזינגוף סנטר
4134,09/03/26 14:26,שילב שיווק ישיר לבית היולדת בעמ,שילב קרית אונו
4133,09/03/26 14:11,שילב שיווק ישיר לבית היולדת בעמ,שילב רמת אביב
4132,09/03/26 12:39,שילב שיווק ישיר לבית היולדת בעמ,שילב בית שמש
4131,09/03/26 12:13,מכבי שירותי בריאות,מכבי פארם בית שמש ישעיהו הזמנה-106895870
4130,09/03/26 11:55,מכבי שירותי בריאות,מכבי פארם בית שמש-ישעיהו - הזמנה- 106895870
4129,09/03/26 10:09,מכבי שירותי בריאות,מכבי פארם בית שמש-ישעיהו הזמנה -106890069
4128,09/03/26 10:01,מכבי שירותי בריאות,מכבי פארם פסגת אונו הזמנה-106889521
4127,09/03/26 10:00,מכבי שירותי בריאות,מכבי פארם פסגת אונו הזמנה-106894262
4126,08/03/26 15:10,מכבי שירותי בריאות,מכבי פארם תל אביב- התקומה הזמנה-106870435
4125,08/03/26 15:01,שילב שיווק ישיר לבית היולדת בעמ,שילב אשדוד סטאר
4124,08/03/26 13:47,מכבי שירותי בריאות,מכבי פארם סי מול אשדוד הזמנה-מכבי פארם סי מול אשדוד (734)
4123,08/03/26 12:42,שילב שיווק ישיר לבית היולדת בעמ,שילב אשקלון גלובוס סנטר
4122,06/03/26 11:52,מכבי שירותי בריאות,מכבי פארם קריית אונו הזמנה- 106891262
4121,05/03/26 14:48,מכבי שירותי בריאות,מכבי פארם קרית אונו הזמנה-106890128
4120,05/03/26 14:33,מכבי שירותי בריאות,מכבי פארם קריית אונו הזמנה-106889521
4119,04/03/26 13:26,מכבי שירותי בריאות,מכבי פארם השלה תא מספר הזמנה: 106887326
4118,04/03/26 12:53,מכבי שירותי בריאות,ראשון לציון מזרח - מכבי שירותי בריאות - ראשון לציון מזרח הזמנה-106886917
4117,04/03/26 10:40,א.ג שקדיה ב״מ,שקדייה הוד השרון
4116,04/03/26 09:24,מכבי שירותי בריאות,מכבי פארם הוד השרון הבנים הזמנה -106885469
4115,03/03/26 12:14,Wolt Enterprises Israel LTd,מכירות ווולט
4114,02/03/26 14:17,אתר או אייט ישראל,אתר חודש פברואר מבצע טו גו ולפרסום
4113,02/03/26 14:07,אתר או אייט ישראל,אתר חודש פברואר
4112,02/03/26 14:02,אתר או אייט ישראל,פרסום ושיווק מוצרים חודש פברואר
4111,02/03/26 10:51,שילב שיווק ישיר לבית היולדת בעמ,שילב אתר סחר
4110,02/03/26 10:44,מכבי שירותי בריאות,מכבי פארם מודיעים עלית הזמנה- 106881962
4109,02/03/26 10:34,שילב שיווק ישיר לבית היולדת בעמ,אתר סחר שילב
4108,26/02/26 17:15,שילב שיווק ישיר לבית היולדת בעמ,שילב ביג יהוד
4107,26/02/26 16:01,שילב שיווק ישיר לבית היולדת בעמ,שילב גן העיק
4106,26/02/26 14:50,מכבי שירותי בריאות,מכבי פארם גבעתיים מספר הזמנה- 106877734 :
4105,26/02/26 13:17,שילב שיווק ישיר לבית היולדת בעמ,שילב גרנד באר שבע
4104,26/02/26 11:51,מכבי שירותי בריאות,מכבי פארם בני ברק הרצוג - 106864483 :מספר הזמנה
4103,26/02/26 11:39,מכבי שירותי בריאות,עקיבא - מכבי פארם בני ברק עקיבא - 106867773 :מספר הזמנה
4102,26/02/26 11:31,מוצרים פגומים,בית מרקחת ערד קרם החתלה
4101,26/02/26 08:10,מכבי שירותי בריאות,מכבי פארם באר שבע מרכז הזמנה-106869473
4100,26/02/26 08:08,מכבי שירותי בריאות,מכבי פארם אשקלון הסיטי הזמנה -106876106
4099,26/02/26 08:05,מכבי שירותי בריאות,מכבי פארם ערד הזמנה-106863150
4098,25/02/26 17:07,שילב שיווק ישיר לבית היולדת בעמ,שילב באר יעקב
4097,25/02/26 12:23,מכבי שירותי בריאות,מכבי פארם אור יהודה-
4096,25/02/26 10:53,מכבי שירותי בריאות,מכבי פארם מודיעין 106869886 :מספר הזמנה
4095,25/02/26 10:25,מכבי שירותי בריאות,מכבי פארם מבשרת 106868856 :מספר הזמנה
4094,24/02/26 20:08,מכבי שירותי בריאות,מכבי פארם ראשון לציון נחלת הזמנה-106865211
4093,24/02/26 20:03,מכבי שירותי בריאות,מכבי פארם באר יעקב הזמנה-106872634
4092,24/02/26 20:02,מכבי שירותי בריאות,מכבי פארם באר יעקב הזמנה- 106865803
4091,24/02/26 19:59,מכבי שירותי בריאות,מכבי פארם ראשון לציון מערב הזמנה-106858806
4090,24/02/26 19:34,מכבי שירותי בריאות,מכבי פארם גבעתיים - הזמנה
4089,24/02/26 19:32,מכבי שירותי בריאות,מכבי פארם ת״א השלום - הזמנה 106867378
4088,24/02/26 19:30,מכבי שירותי בריאות,מכבי פארם בלפור ת״א - הזמנה מספר - 106865057
4087,24/02/26 19:29,שילב שיווק ישיר לבית היולדת בעמ,בית שילב
4086,24/02/26 12:54,שילב שיווק ישיר לבית היולדת בעמ,שילב רגבה
4085,24/02/26 09:42,מכבי שירותי בריאות,מכבי פארם טירה הזמנה -106862604
4084,24/02/26 09:40,מכבי שירותי בריאות,מכבי פארם קריית מוצקין- גושן הזמנה - 106861019
4083,24/02/26 09:40,מכבי שירותי בריאות,מכבי פארם כפר סבא הזמנה -106863205
4082,24/02/26 09:38,מכבי שירותי בריאות,מכבי פארם רעננה אחוזה 124 הזמנה-106866684
4081,24/02/26 09:36,מכבי שירותי בריאות,מכבי פארם אור יהודה הזמנה-106871939
4080,24/02/26 09:34,מכבי שירותי בריאות,מכבי רמת השרון הזמנה- 106867271
4079,24/02/26 09:26,מכבי שירותי בריאות,מכבי פארם עכו הזמנה - 106863657
4078,24/02/26 08:34,מכבי שירותי בריאות,מכבי פארם קריית מוצקין הזמנה -106861019
4077,24/02/26 08:33,מכבי שירותי בריאות,מכבי פארם חיפה-הדר הזמנה-106864403
4076,24/02/26 08:31,מכבי שירותי בריאות,מכבי פארם נווה שאנן חיפה הזמנה-106867557
4075,23/02/26 16:45,שילב שיווק ישיר לבית היולדת בעמ,שילב ביג אשדוד
4074,23/02/26 16:07,שילב שיווק ישיר לבית היולדת בעמ,לשילב עפולה
4073,23/02/26 15:39,מכבי שירותי בריאות,מכבי פארם עפולה קהילת ציון הזמנה-106871715
4072,23/02/26 13:31,מכבי שירותי בריאות,מכבי פארם מגדל העמק
4071,23/02/26 12:09,מכבי שירותי בריאות,מכבי פארם יקנעם הזמנה-106870712
4070,23/02/26 12:00,"ביו גאיה בע""מ",מחסן בית או שמונה
4069,23/02/26 08:56,מכבי שירותי בריאות,מכבי פארם עפולה קהילת ציון הזמנה-106866987
4068,23/02/26 08:53,מכבי שירותי בריאות,מכבי פארם נתניה מרכז הזמנה-106851456
4067,23/02/26 08:51,מכבי שירותי בריאות,מכבי פארם יקנעם הזמנה-106855978
4066,23/02/26 08:47,מכבי שירותי בריאות,מכבי פארם חריש הזמנה -106865346
4065,23/02/26 08:45,מכבי שירותי בריאות,מכבי פארם מגדל העמק הזמנה -106863110
4064,23/02/26 08:41,מכבי שירותי בריאות,נוף הגליל - מכבי פארם נצרת הזמנה -106859670
4063,22/02/26 18:49,מכבי שירותי בריאות,מכבי פארם אשדוד רובע ד' 106861249 :מספר הזמנה
4062,22/02/26 18:46,מכבי שירותי בריאות,מכבי פארם אשקלון ברנע מספר הזמנה 106856885
4061,22/02/26 18:34,מכבי שירותי בריאות,מכבי פארם אשקלון הסיטי 106858378 :מספר הזמנה
4060,22/02/26 18:27,מכבי שירותי בריאות,מכבי פארם שדרות מספר הזמנה 106855603
4059,22/02/26 18:20,מכבי שירותי בריאות,מכבי פארם אופקים מספר הזמנה -106858005
4058,22/02/26 18:03,מכבי פארם נתיבות,מכבי פארם נתיבות 106867120
4057,22/02/26 18:01,שילב שיווק ישיר לבית היולדת בעמ,שילב חדרה
4056,22/02/26 16:44,שילב שיווק ישיר לבית היולדת בעמ,שילב דייר אל אסד
4055,22/02/26 15:46,"סופרסאפ בע""מ",תעודת משלוח רכש 3319
4054,22/02/26 15:09,שילב שיווק ישיר לבית היולדת בעמ,שילב כרמיאל
4053,22/02/26 13:25,שילב שיווק ישיר לבית היולדת בעמ,שילב ראש פינה
4052,22/02/26 12:36,שילב שיווק ישיר לבית היולדת בעמ,שילב קרית שמונה
4051,22/02/26 08:05,מכבי שירותי בריאות,מכבי פארם עכו
4050,22/02/26 08:03,מכבי שירותי בריאות,מכבי פארם קרית שמונה הזמנה-
4049,22/02/26 08:00,מכבי שירותי בריאות,מכבי פארם כרמיאל הזמנה -106864051
